Workbook

Sheet Dashboard
A1: Metric | B1: Value
A2: Expected Return: | B2: =round(kpi_summary!B2,2) -> 0.44
A3: Volatility: | B3: =round(kpi_summary!B3,2) -> 0.25
A4: Sharpe Ratio: | B4: =round(kpi_summary!B4,2) -> 1.6
A5: Max Drawdown: | B5: =round(kpi_summary!B5,2) -> -0.18
A44: Ticker | B44: AAPL | C44: AMZN | D44: GLD | E44: JNJ | F44: MSFT | G44: TLT | H44: VNQ | I44: XOM
A45: AAPL | B45: =round(correlation_matrix!B2,2) -> 1 | C45: =round(correlation_matrix!C2,2) -> 0.55 | D45: =round(correlation_matrix!D2,2) -> 0.04 | E45: =round(correlation_matrix!E2,2) -> 0.15 | F45: =round(correlation_matrix!F2,2) -> 0.6 | G45: =round(correlation_matrix!G2,2) -> 0.06 | H45: =round(correlation_matrix!H2,2) -> 0.48 | I45: =round(correlation_matrix!I2,2) -> 0.2
A46: AMZN | B46: =round(correlation_matrix!B3,2) -> 0.55 | C46: =round(correlation_matrix!C3,2) -> 1 | D46: =round(correlation_matrix!D3,2) -> 0.04 | E46: =round(correlation_matrix!E3,2) -> 0 | F46: =round(correlation_matrix!F3,2) -> 0.64 | G46: =round(correlation_matrix!G3,2) -> 0.05 | H46: =round(correlation_matrix!H3,2) -> 0.4 | I46: =round(correlation_matrix!I3,2) -> 0.11
A47: GLD | B47: =round(correlation_matrix!B4,2) -> 0.04 | C47: =round(correlation_matrix!C4,2) -> 0.04 | D47: =round(correlation_matrix!D4,2) -> 1 | E47: =round(correlation_matrix!E4,2) -> 0.07 | F47: =round(correlation_matrix!F4,2) -> 0.06 | G47: =round(correlation_matrix!G4,2) -> 0.21 | H47: =round(correlation_matrix!H4,2) -> 0.17 | I47: =round(correlation_matrix!I4,2) -> 0.16
A48: JNJ | B48: =round(correlation_matrix!B5,2) -> 0.15 | C48: =round(correlation_matrix!C5,2) -> 0 | D48: =round(correlation_matrix!D5,2) -> 0.07 | E48: =round(correlation_matrix!E5,2) -> 1 | F48: =round(correlation_matrix!F5,2) -> 0.05 | G48: =round(correlation_matrix!G5,2) -> 0.09 | H48: =round(correlation_matrix!H5,2) -> 0.34 | I48: =round(correlation_matrix!I5,2) -> 0.12
A49: MSFT | B49: =round(correlation_matrix!B6,2) -> 0.6 | C49: =round(correlation_matrix!C6,2) -> 0.64 | D49: =round(correlation_matrix!D6,2) -> 0.06 | E49: =round(correlation_matrix!E6,2) -> 0.05 | F49: =round(correlation_matrix!F6,2) -> 1 | G49: =round(correlation_matrix!G6,2) -> 0.04 | H49: =round(correlation_matrix!H6,2) -> 0.4 | I49: =round(correlation_matrix!I6,2) -> 0.06
A50: TLT | B50: =round(correlation_matrix!B7,2) -> 0.06 | C50: =round(correlation_matrix!C7,2) -> 0.05 | D50: =round(correlation_matrix!D7,2) -> 0.21 | E50: =round(correlation_matrix!E7,2) -> 0.09 | F50: =round(correlation_matrix!F7,2) -> 0.04 | G50: =round(correlation_matrix!G7,2) -> 1 | H50: =round(correlation_matrix!H7,2) -> 0.28 | I50: =round(correlation_matrix!I7,2) -> -0.11
A51: VNQ | B51: =round(correlation_matrix!B8,2) -> 0.48 | C51: =round(correlation_matrix!C8,2) -> 0.4 | D51: =round(correlation_matrix!D8,2) -> 0.17 | E51: =round(correlation_matrix!E8,2) -> 0.34 | F51: =round(correlation_matrix!F8,2) -> 0.4 | G51: =round(correlation_matrix!G8,2) -> 0.28 | H51: =round(correlation_matrix!H8,2) -> 1 | I51: =round(correlation_matrix!I8,2) -> 0.26
A52: XOM | B52: =round(correlation_matrix!B9,2) -> 0.2 | C52: =round(correlation_matrix!C9,2) -> 0.11 | D52: =round(correlation_matrix!D9,2) -> 0.16 | E52: =round(correlation_matrix!E9,2) -> 0.12 | F52: =round(correlation_matrix!F9,2) -> 0.06 | G52: =round(correlation_matrix!G9,2) -> -0.11 | H52: =round(correlation_matrix!H9,2) -> 0.26 | I52: =round(correlation_matrix!I9,2) -> 1

Sheet correlation_matrix
A1: Ticker | B1: AAPL | C1: AMZN | D1: GLD | E1: JNJ | F1: MSFT | G1: TLT | H1: VNQ | I1: XOM
A2: AAPL | B2: 1 | C2: 0.54677901 | D2: 0.040497897 | E2: 0.14611806 | F2: 0.600263 | G2: 0.064978894 | H2: 0.47570534 | I2: 0.19704265
A3: AMZN | B3: 0.54677901 | C3: 1 | D3: 0.041649297 | E3: -0.00038640431 | F3: 0.63565826 | G3: 0.052347943 | H3: 0.39634213 | I3: 0.11239473
A4: GLD | B4: 0.040497897 | C4: 0.041649297 | D4: 1 | E4: 0.069772869 | F4: 0.06045152 | G4: 0.21442184 | H4: 0.17233979 | I4: 0.15597177
A5: JNJ | B5: 0.14611806 | C5: -0.00038640431 | D5: 0.069772869 | E5: 1 | F5: 0.049631905 | G5: 0.089112424 | H5: 0.33549461 | I5: 0.12195549
A6: MSFT | B6: 0.600263 | C6: 0.63565826 | D6: 0.06045152 | E6: 0.049631905 | F6: 1 | G6: 0.039150321 | H6: 0.40236733 | I6: 0.06249054
A7: TLT | B7: 0.064978894 | C7: 0.052347943 | D7: 0.21442184 | E7: 0.089112424 | F7: 0.039150321 | G7: 1 | H7: 0.27726903 | I7: -0.11427981
A8: VNQ | B8: 0.47570534 | C8: 0.39634213 | D8: 0.17233979 | E8: 0.33549461 | F8: 0.40236733 | G8: 0.27726903 | H8: 1 | I8: 0.25546759
A9: XOM | B9: 0.19704265 | C9: 0.11239473 | D9: 0.15597177 | E9: 0.12195549 | F9: 0.06249054 | G9: -0.11427981 | H9: 0.25546759 | I9: 1

Sheet weights
A1: Asset | B1: Weight
A2: AAPL | B2: 0.30885599
A3: MSFT | B3: -0.015882815
A4: AMZN | B4: 0.88269586
A5: JNJ | B5: 0.4440842
A6: XOM | B6: 0.11161895
A7: TLT | B7: -0.58980634
A8: GLD | B8: -0.56309744
A9: VNQ | B9: 0.4215316

Sheet efficient_frontier
A1: Volatility | B1: Return
A2: 0.1429825 | B2: -0.048203892
A3: 0.14126136 | B3: -0.044730709
A4: 0.13955906 | B4: -0.041257526
A5: 0.13787629 | B5: -0.037784343
A6: 0.13621378 | B6: -0.034311161
A7: 0.13457228 | B7: -0.030837978
A8: 0.13295257 | B8: -0.027364795
A9: 0.13135546 | B9: -0.023891612
A10: 0.12978177 | B10: -0.020418429
A11: 0.12823238 | B11: -0.016945246
A12: 0.12670818 | B12: -0.013472063
A13: 0.12521009 | B13: -0.0099988797
... A101: 0.1620733 | B101: 0.29564122

Sheet portfolio_performance
A1: Date | B1: Portfolio Value | C1: Cumulative Return
A2: 44286 | B2: 1.019402 | C2: 0.019401979
A3: 44287 | B3: 1.0231867 | C3: 0.023186687
A4: 44291 | B4: 1.0285331 | C4: 0.028533146
A5: 44292 | B5: 1.0291207 | C5: 0.029120662
A6: 44293 | B6: 1.0378171 | C6: 0.037817128
A7: 44294 | B7: 1.0460388 | C7: 0.046038812
A8: 44295 | B8: 1.043453 | C8: 0.043452974
A9: 44298 | B9: 1.0286244 | C9: 0.028624381
A10: 44299 | B10: 1.0319416 | C10: 0.031941602
A11: 44300 | B11: 1.0401605 | C11: 0.04016045
A12: 44301 | B12: 1.0407953 | C12: 0.040795319
A13: 44302 | B13: 1.0523463 | C13: 0.052346262
... A1255: 46108 | B1255: 7.6103021 | C1255: 6.6103021

Sheet returns
A1: Date | B1: AAPL | C1: AMZN | D1: GLD | E1: JNJ | F1: MSFT | G1: TLT | H1: VNQ | I1: XOM
A2: 44286 | B2: 0.018765507 | C2: 0.012696006 | D2: 0.015167857 | E2: -0.0039992469 | F2: 0.016907349 | G2: -0.0055794586 | H2: -0.0060592304 | I2: -0.015170232
A3: 44287 | B3: 0.0069585924 | C3: 0.021628454 | D3: 0.012628088 | E3: -0.0092486945 | F3: 0.027908564 | G3: 0.016597001 | H3: 0.018180039 | I3: 0.027942049
A4: 44291 | B4: 0.023577474 | C4: 0.020794046 | D4: -0.00037040104 | E4: 0.0036848041 | F4: 0.027728829 | G4: -0.0043631544 | H4: 0.0038488233 | I4: -0.015507978
A5: 44292 | B5: 0.0024619167 | C5: -0.00090189021 | D5: 0.0080286751 | E5: -0.00024492377 | F5: -0.0048583456 | G5: 0.0067925687 | H5: 0.0025561417 | I5: -0.0028317115
A6: 44293 | B6: 0.01339067 | C6: 0.017237337 | D6: -0.0028183232 | E6: 0.0013467655 | F6: 0.008230464 | G6: -0.006964516 | H6: 0.0007437658 | I6: 0.0044372472
A7: 44294 | B7: 0.019233632 | C7: 0.006071243 | D7: 0.010752028 | E7: -0.0039117836 | F7: 0.013405356 | G7: 0.008255464 | H7: -0.0037155803 | I7: -0.010426054
A8: 44295 | B8: 0.020251686 | C8: 0.022095622 | D8: -0.0075374766 | E8: -0.010554116 | F8: 0.010266609 | G8: -0.0036230159 | H8: -0.0011720116 | I8: -0.0023213188
A9: 44298 | B9: -0.013232915 | C9: 0.0021321219 | D9: -0.0060636092 | E9: 0.002418384 | F9: 0.00023450357 | G9: -0.00043646518 | H9: 0.0058671289 | I9: -0.0066225971
A10: 44299 | B10: 0.024306149 | C10: 0.0060987476 | D10: 0.0070864796 | E10: -0.013363 | F10: 0.0100816 | G10: 0.0074933621 | H10: 0.0049848288 | I10: 0.0037839313
A11: 44300 | B11: -0.0178529 | C11: -0.019705918 | D11: -0.0043443155 | E11: 0.0027590178 | F11: -0.011219032 | G11: -0.0031769252 | H11: -0.0052766998 | I11: 0.028899621
A12: 44301 | B12: 0.018707575 | C12: 0.01382841 | D12: 0.016162763 | E12: 0.0029390962 | F12: 0.015297996 | G12: 0.016734592 | H12: 0.017504967 | I12: -0.0059315663
A13: 44302 | B13: -0.0025276718 | C13: 0.0060223424 | D13: 0.0060477772 | E13: 0.011534375 | F13: 0.0047783424 | G13: -0.0077667333 | H13: 0.0021895054 | I13: -0.0056161195
... A1255: 46108 | B1255: -0.016173025 | C1255: -0.039510442 | D1255: 0.035093842 | E1255: 0.0050576468 | F1255: -0.025138706 | G1255: -0.0054581491 | H1255: -0.0082079481 | I1255: 0.033609461

Sheet prices
A1: Date | B1: AAPL | C1: AMZN | D1: GLD | E1: JNJ | F1: MSFT | G1: TLT | H1: VNQ | I1: XOM
A2: 44285 | B2: 116.78208 | C2: 152.7645 | D2: 157.57001 | E2: 143.29175 | F2: 222.47391 | G2: 115.91925 | H2: 77.207695 | I2: 46.808159
A3: 44286 | B3: 118.97356 | C3: 154.70399 | D3: 159.96001 | E3: 142.71869 | F3: 226.23535 | G3: 115.27248 | H3: 76.739876 | I3: 46.098068
A4: 44287 | B4: 119.80145 | C4: 158.05 | D4: 161.98 | E4: 141.39873 | F4: 232.54926 | G4: 117.18566 | H4: 78.13501 | I4: 47.386143
A5: 44291 | B5: 122.62606 | C5: 161.3365 | D5: 161.92 | E5: 141.91975 | F5: 238.99757 | G5: 116.67436 | H5: 78.435738 | I5: 46.651279
A6: 44292 | B6: 122.92796 | C6: 161.19099 | D6: 163.22 | E6: 141.88499 | F6: 237.83644 | G6: 117.46688 | H6: 78.63623 | I6: 46.519176
A7: 44293 | B7: 124.57404 | C7: 163.9695 | D7: 162.75999 | E7: 142.07608 | F7: 239.79395 | G7: 116.64878 | H7: 78.694717 | I7: 46.725594
A8: 44294 | B8: 126.97005 | C8: 164.965 | D8: 164.50999 | E8: 141.52031 | F8: 243.00847 | G8: 117.61177 | H8: 78.402321 | I8: 46.23843
A9: 44295 | B9: 129.54141 | C9: 168.61 | D9: 163.27 | E9: 140.02669 | F9: 245.50334 | G9: 117.18566 | H9: 78.310432 | I9: 46.131096
A10: 44298 | B10: 127.8272 | C10: 168.9695 | D10: 162.28 | E10: 140.36533 | F10: 245.56091 | G10: 117.13451 | H10: 78.76989 | I10: 45.825588
A11: 44299 | B11: 130.93419 | C11: 170 | D11: 163.42999 | E11: 138.48962 | F11: 248.03656 | G11: 118.01225 | H11: 79.162544 | I11: 45.998989
A12: 44300 | B12: 128.59663 | C12: 166.64999 | D12: 162.72 | E12: 138.87172 | F12: 245.25383 | G12: 117.63733 | H12: 78.744827 | I12: 47.328342
A13: 44301 | B13: 131.00237 | C13: 168.9545 | D13: 165.35001 | E13: 139.27988 | F13: 249.00572 | G13: 119.60594 | H13: 80.123253 | I13: 47.047611
... A1256: 46108 | B1256: 248.8 | C1256: 199.34 | D1256: 414.70001 | E1256: 240.45 | F1256: 356.76999 | G1256: 85.639999 | H1256: 87 | I1256: 170.99001

Sheet kpi_summary
A1: Metric | B1: Value
A2: Expected Return | B2: 0.43863889
A3: Volatility | B3: 0.24689282
A4: Sharpe Ratio | B4: 1.5988269
A5: Max Drawdown | B5: -0.17590549
